ID,DIVISION_SHORT_DESCR,SUB_DIVISION_SHORT_DESCR,BUSINESS_SEGMENT,HFGR,HFGR_SHORT_DESCR,FGR,FGR_DESC,MPI_TYPE,PRODUCT_FAMILY,APPLICATION,TECHNOLOGY,PROCESSCLASS,PROCESSGROUP,SALES_NAME,MSAI_SP_SAP_MATNR,DC_MDPR_MD_PROCESS,MBNO_FP_SAP_MATNR,DC_BNR_MAX,BASIC_TYPE_BE,MPK_PACKAGE_PLATFORM,PACKAGE_FAMILY_PROCESSED,DC_V_SNR_SERIAL_NO,PACKAGENAME,QA_MILESTONE,QUALITY_REQ_CATEGORY,MRFP_PPC,M8_RELEASE_DATE,M9_RELEASE_DATE,MSAI_FUNCTIONAL_SAFETY,MSAI_PRODUCT_STATUS_INFO,BE_PVG_VALID_FROM,BE_PVG_VALID_TO,FP_FAC_PVG_MR,BASIC_TYPE_DB,TOTAL_CHIPS_PROCESSED,MULTICHIP_PROCESSED,BASIC_TYPE_BREAKDOWN_PROCESSED,FAB_LOC,ASSEMBLY,TEST,PPOS,MAIN_FAMILY,ENDTHICKNESS_PRAS_MIN,PRWF_RASTER_X,PRWF_RASTER_Y,MBFS_FRONTEND_QTY,PRWF_CHIP_SIZE,MANUFACTURING_ROUTE,VERSION
0,PSS,PS,18,A,Trench LV,A8N,102083_16,Device,75V,Power Tools; MS,PT,FET_TRENCH,FET12_7,IRFB7734PBF,SP001565862,PIO,MA005825769,99514971,P2844X,TO,TO220,F0017,PG-TO220-3-904,M9,STANDARD,STANDARD,2024-03-14,2024-07-27,,not for new design,2023-09-14,2099-12-31,MA005825769_WAVCND_M2_2,P2844D,1,N,P2844D(1),TOWERJAZZ_IL,GTBF_CN,GTBF_CN,IRFB7734PBF,12.7,200.0,3.658,5.969,1,21.834602,2,1
1,GIP,GCO,14,C,SIC DISCR,4NY,IMCQ120R08,Device,1200V,Industrial,PT,SICMOS_6,SICM3_120_6,IMCQ120R080S2H,SP006098337,PIO,MA006099916,99563935,L8727X,TO,HDSOP,F0002,PG-HDSOP-22-3,M3,INDUSTRY,INDUSTRY,,,,coming soon,2024-09-20,2099-12-31,MA006099916_EPMAL_M1_3,L8727X,1,N,L8727X(1),IFAT_AT_VIH,IFMY_MY,IFMY_MY,IMCQ120R080S2H,CoolSiC MOSFET G2,128.0,2.698,1.72,1,4.64056,3,1
2,PSS,PCS,12,L,IR POL,L43,101122_17,Multichip,,,PT,LVIC,LVIC_BCD7,IR3899MTRPBF,SP001531534,PIO,MA005844154,99521139,V8001X,SON,IQFN,F0007,PG-IQFN-24-901,M9,STANDARD,STANDARD,2016-02-16,2016-02-16,,discontinued,2022-05-25,2099-12-31,MA005844154_WAVSGD_M1_5,P6522D,3,Y,"P6309D(1),P6331D(1),P6522D(1)",NXP_US,HANA_TH,HANA_TH,IR3899MPBF,Hermosa,200.0,2.134,1.143,1,2.439162,5,1
3,PSS,PS,18,A,Trench LV,B03,IPB019N08N,Device,80V,MS,PT,LTR_12,SFET580_12,IPB019N08NF2S,SP005571690,PIO,MA006096033,99563705,P9044A,TO,TO263,F0017,PG-TO263-3-10,M3,STANDARD,STANDARD,,,,active and preferred,2024-09-16,2099-12-31,MA006096033_WAVCND_M1_1,P9044A,1,N,P9044A(1),IFDD_DE,HYME_CN,HYME_CN,IPB019N08NF2S,SFET5_F2,193.0,5.96,3.63,1,21.6348,1,1
4,PSS,PS,18,A,Trench LV,AED,102561_16,Device,60V,MS,PT,FET_TRENCH,FET10_7,IRFS3006TRLPBF,SP001567578,PIO,MA005749734,99512927,P4770X,TO,TO263,F0045,PG-TO263-3-901,M9,STANDARD,STANDARD,2022-04-06,2022-04-06,,active,2022-03-15,2099-12-31,MA005749734_WAVCND_M1_2,P4770J,1,N,P4770J(1),VIS_TW FAB2,GTBF_CN,GTBF_CN,IRFS3006PBF,10.7,200.0,4.318,6.96,1,30.05328,2,1
5,GIP,GCO,67,D,ISO_DRIVER,6DL,1EDR3144HQ,Multichip,Isolated GD,1200 V,CMOS,ACMOS11,C11HV2,1EDR3144HQE,SP006018684,PIO,MA006103572,99565790,U5473D,DS3/4,LDSO,F0007,PG-LDSO-8-1,M8,INDUSTRY,INDUSTRY,2024-12-19,,,coming soon,2024-10-09,2099-12-31,MA006103572_WAVEI_M1_2,M5429D,2,Y,"M3887A(1),M5429D(1)",IFAG_DE_RGB,IFBT_ID,IFBT_ID,1EDR3144HQE,Iso-Compact,300.0,0.96,1.35,1,1.296,2,1
6,ATV,SC,42,3,SPEED,3R4,TLE4929C-X,Device,TLE4929,Magnetic Sensing Systems,SENSOR,BICMOS_S7,B7CA_S8,TLE4929C-XVA-M18NA,SP001883288,PIO,MA005709533,99525154,M4930A,SENSOR,SSO,F0008,PG-SSO-3-53,M9,AUTOMOTIVE,AUTOMOTIVE,2019-01-02,2019-03-04,,active and preferred,2021-10-12,2099-12-31,MA005709533_EPMAL_M1_2,M4930A,1,N,M4930A(1),IFKM_MY,IFMY_MY,IFMY_MY,TLE4929C-XVA-M18NA,Engine Management,210.0,2.842,1.96,1,5.57032,2,1
7,PSS,PS,51,A,Trench MV,ACH,102393_16,Device,100V,SMPS; MS,PT,FET_TRENCH,FET10_7,IRFP4110PBF,SP005732688,PIO,MA005732930,99499845,P6000X,TO,TO247,F0030,PG-TO247-3-56,M9,STANDARD,STANDARD,2022-02-12,2022-02-12,,active and preferred,2021-12-21,2023-05-26,MA005732930_WAVCND_M6_3,P6000W,1,N,P6000W(1),XINTEC_TW,GTBF_CN,GTBF_CN,IRFP4110PBF,10.7,200.0,6.96,4.318,1,30.05328,3,1
8,PSS,PS,18,P,Planar LV,FJJ,102788_16,Device,55V,MS,PT,FET_PLANAR,FPLN_7X,IRFZ48NSTRLPBF,SP001573544,PIO,MA006075818,99561042,P4735X,TO,TO263,F0025,PG-TO263-3-901,M9,STANDARD,STANDARD,2016-02-16,2016-02-16,,active,2023-07-01,2099-12-31,MA006075818_TCTIJ_M1_2,P4735M,2,Y,"P4735J(1),P4735M(1)",EPISIL_TW,Tijuana Mfg,Tijuana Mfg,IRFZ48NSPBF,7,203.0,2.794,3.429,1,9.580626,2,1
9,PSS,RFS,55,T,AF TRANSIS,772,BC847-850,Device,AF OTHERS,,BIP,NF-BIP_6,NF-TR_6,BC 848C E6433,SP000010582,PIO,MA005938783,99542222,T0257M,AILD,SOT23,F0430,PG-SOT23-3-16,M9,AUTOMOTIVE,AutomotiveLegacy,2008-12-03,2008-12-03,,discontinued,2023-04-19,2099-12-31,MA005938783_TCWUS_M1_4,T 257M,3,Y,"E5603V(1),T 257M(1),T0257M(1)",IFAT_AT_VIH,IFWU_CN,IFWU_CN,BC 848C,AF,140.0,0.24,0.32,1,0.0768,4,1
10,PSS,PS,18,P,Planar LV,ZL1,101445_16,Device,-55V,Power Supply; MS,PT,FET_PLANAR,FPLN_5,IRF4905PBF,SP001571330,PIO,MA006120074,99567758,P2094X,TO,TO220,F0059,PG-TO220-3-62,M3,STANDARD,STANDARD,,,,active,2024-12-05,2099-12-31,MA006120074_WAVCND_M3_3,P2094M,1,N,P2094M(1),EPISIL_TW,HYME_CN,HYME_CN,IRF4905PBF,5,330.0,4.317,5.746,1,24.805482,3,1
11,PSS,PS,52,S,SICMOS,57E,IMZA65R048,Device,650V,Industrial,PT,SICMOS_6,SICM2_65_6,IMZA65R048M1H,SP005398433,PIO,MA005623452,99493563,L8862F,TO,TO247,F0024,PG-TO247-4-3,M9,INDUSTRY,INDUSTRY,2019-11-29,2020-01-10,,active,2021-07-15,2099-12-31,MA005623452_WAVCND_M1_2,L8862F,1,N,L8862F(1),IFAT_AT_VIH,TFME_CN_ChongChuan,TFME_CN_ChongChuan,IMZA65R048M1H,SicMOS1,128.0,2.8,2.3,1,6.44,2,1
12,PSS,PS,21,I,DIGISOLATO,I03,4DIR2400HA,Multichip,,Isolation,CMOS,ACMOS11,C11HVXT2,4DIR1400HA,SP005850920,PIO,MA005975687,99546353,U6453H,DS3/4,DSO,F0012,PG-DSO-16-46,M9,AUTOMOTIVE,AUTOMOTIVE,,2023-08-07,,active and preferred,2023-08-07,2099-12-31,MA005975687_WAVEI_M1_2,M6455A,2,Y,"M6454A(1),M6455A(1)",IFDD_DE,IFBT_ID,IFBT_ID,4DIR1400HA,4DIR CT,300.0,0.85,2.22,1,1.887,2,1
13,ATV,SC,42,1,TPMS,144,SP41,Multichip,SP40,Micro-Electro-Mechanical Syst,SENSOR,TP-SENSOR,TIREP_8,SP415-11-01,SP001456496,PIO,MA005714797,99508760,U1876D,SENSOR,DSOSP,F0198,PG-DSOSP-14-82,M9,AUTOMOTIVE,AUTOMOTIVE,2021-09-29,2021-09-29,,on request,2021-10-12,2099-12-31,MA005714797_EPMAL_M1_4,E3831G,2,Y,"E3831G(1),M5115D(1)",IFAT_AT_VIH,IFMY_MY,IFMY_MY,SP415-11-01,TPMS IC,400.0,2.435,2.67,1,6.50145,4,1
14,PSS,PS,18,A,Trench LV,ZD7,102013_16,Device,75V,Automotive; MS,PT,FET_TRENCH,FET10_7,IRFB3307ZPBF,SP001564038,PIO,MA006086814,99562397,P4008X,TO,TO220,F0041,PG-TO220-3-62,M9,STANDARD,STANDARD,2024-09-23,2024-11-15,,not for new design,2024-07-31,2099-12-31,MA006086814_WAVCND_M4_4,P4008D,1,N,P4008D(1),NWF_GB,HYME_CN,HYME_CN,IRFB3307ZPBF,10.7,200.0,3.556,4.318,1,15.354808,4,1
15,PSS,PS,52,J,SIC DIODES,Q09,IDH12G65C5,Device,650V,Industrial,PT,SICDIO_6,SIC5_6,IDH12G65C5,SP001595936,PIO,MA005947136,99542793,L4871Z,TO,TO220,F0035,PG-TO220-2-1,M9,INDUSTRY,INDUSTRY,2023-06-26,2023-08-22,,active and preferred,2023-04-20,2099-12-31,MA005947136_EPMAL_M1_1,L4871Z,1,N,L4871Z(1),IFAT_AT_VIH,IFMY_MY,IFMY_MY,IDH12G65C5,SiC 5,122.0,1.56,1.56,1,2.4336,1,1
16,PSS,PS,52,H,HP_LEGACY,N97,IPB60R125C,Device,600V,Industrial,PT,HVMOS,EHC5CC_8,IPB60R125C6,SP000687456,PIO,MA005701332,99502771,L5149K,TO,TO263,F0030,PG-TO263-3-2,M9,INDUSTRY,INDUSTRY,,2012-02-23,,not for new design,2021-10-11,2099-12-31,MA005701332_EPMAL_M1_1,L5149K,1,N,L5149K(1),IFKM_MY,IFMY_MY,IFMY_MY,IPB60R125C6,C6,220.0,5.69,4.19,1,23.8411,1,1
17,GIP,GCO,67,D,ISO_DRIVER,178,1ED3124MC1,Multichip,Isolated GD,8000 Vpeak,PT,SPT9_8,SPT9_65V_8,1ED3124MC12H,SP001878200,PIO,MA005955030,99543803,U5444A,DS3/4,DSO,F0011,PG-DSO-8-66,M9,INDUSTRY,INDUSTRY,,2023-07-31,,active and preferred,2023-05-22,2099-12-31,MA005955030_WAVEI_M1_2,M5425A,2,Y,"M5420A(1),M5425A(1)",IFDD_DE,IFBT_ID,IFBT_ID,1ED3124MC12H,Iso-Compact,300.0,1.502,1.918,1,2.880836,2,1
18,PSS,PS,18,A,Trench LV,ZZ3,IQE018N06N,Device,60V,SMPS HP,PT,LTR_12,SFET8_60N_12,IQE018N06NM6CG,SP005741181,PIO,MA005746443,99535815,P9505S,SON,TTFN,F0003,PG-TTFN-9-3,M9,INDUSTRY,INDUSTRY,2024-02-08,2024-09-20,,on request,2022-02-22,2099-12-31,MA005746443_EPMAL_M1_1,P9505S,1,N,P9505S(1),IFAT_AT_VIH,IFMY_MY,IFMY_MY,IQE018N06NM6CG,SFET8,60.0,2.85,2.25,1,6.4125,1,1
19,ATV,SP,11,D,PROFET,1D2,BTG7090-1E,Device,PROFET Load Guard 12V,IPD_SP,PT,SIPIC_12,SMART7_12,BTG7090-1EPL,SP005629578,PIO,MA005749785,99512531,L8480J,DS1,TSDSO,F0019,PG-TSDSO-14-22,M9,AUTOMOTIVE,AUTOMOTIVE,2022-09-22,2022-11-15,ISO26262-ready,active and preferred,2022-03-07,2099-12-31,MA005749785_EPMAL_M1_2,L8480J,1,N,L8480J(1),IFDD_DE,IFMY_MY,IFMY_MY,BTG7090-1EPL,PROFET,125.0,1.984,1.0,1,1.984,2,1
20,ATV,SP,17,C,HVGD_TRACT,C24,1EDI3033AS,Multichip,EiceDRIVER Enhanced,MCS_SP,PT,SPT10_8,SPT10_60V_8,1EDI3033AS,SP005423624,PIO,MA006035373,99554980,U5886C,DS3/4,DSO,F0090,PG-DSO-20-91,M9,AUTOMOTIVE,AUTOMOTIVE,2024-04-02,2024-06-10,ISO26262-compliant,active,2024-02-13,2099-12-31,MA006035373_WAVEI_M1_2,S5886B,2,Y,"M5886B(1),S5886B(1)",IFDD_DE,IFBT_ID,IFBT_ID,1EDI3033AS,EiceDRIVER,300.0,1.538,2.698,1,4.149524,2,1
21,ATV,MOS,31,F,FET2040,B85,IAUCN04S7L,Multichip,dual SSO8 (TDSON-8),MOS,PT,LTR_12,AFET740_12,IAUCN04S7L018D,SP006020219,PIO,MA006023612,99567891,P8210A,SON,TDSON,F0003,PG-TDSON-8-60,M8,AUTOMOTIVE,AUTOMOTIVE,2024-12-11,,,on request,2023-12-11,2099-12-31,MA006023612_EPMAL_M1_1,P8210A,2,Y,P8210A(2),IFAT_AT_VIH,IFMY_MY,IFMY_MY,IAUCN04S7L018D,AFET7_40V,65.0,1.48,3.05,2,4.514,1,1
22,PSS,PCS,12,M,Pstg Modul,ZY1,TDM22544D,Modul,,,PT,LTR_12,SFET725_12,TDM22544D,SP005925649,PIO,MA006100339,99563951,K8038A,AIS_Modules,MLGA,F0004,LG-MLGA-72-5,M3,INDUSTRY,INDUSTRY,,,,active and preferred,2024-09-23,2099-12-31,MA006100339_WAVSGD_M1_2,P9713M,6,Y,"M3882P(2),P9712B(2),P9713M(2)",IFAT_AT_VIH,ACCESS_CN_JX,,TDM22544D,Tiber 10x9,69.0,1.66,3.25,2,5.395,2,1
23,PSS,PS,52,H,HP_LEGACY,576,SPW20N60CF,Device,600V,Industrial,PT,SIPLTR_8,EHAT_8,SPW20N60CFD,SP000014535,PIO,MA005851221,99525984,L5503L,TO,TO247,F0291,PG-TO247-3-62,M9,INDUSTRY,INDUSTRY,,2022-10-27,,not for new design,2022-06-07,2099-12-31,MA005851221_WAVCND_M1_1,L5503L,1,N,L5503L(1),IFKM_MY,HYME_CN,HYME_CN,SPW20N60CFD,CFD,220.0,5.75,4.52,1,25.99,1,1
24,PSS,RFS,55,S,AF SCHOTTK,211,BAS3010A,Device,AF Multi-Source,,SI_DIODE,D2,D2S,BAS 3010A-03W E6327,SP000068629,PIO,MA005938280,99541423,D0454B,AILD,SOD323,F0007,PG-SOD323-2-1,M9,AUTOMOTIVE,AutomotiveLegacy,2007-11-05,2007-11-05,,active and preferred,2023-04-19,2099-12-31,MA005938280_TCWUS_M1_1,D0454B,2,Y,"D0454B(1),E2636D(1)",IFAT_AT_VIH,IFWU_CN,IFWU_CN,BAS 3010A-03W,AF,140.0,0.6,0.6,1,0.36,1,1
25,PSS,PS,51,A,Trench MV,L95,ISC018N10N,Device,100V,,PT,LTR_12,SFET8D100_12,ISC018N10NM8,SP006114877,PIO,MA006116593,99567174,P9454C,TO,HSOF,F0001,PG-HSOF-8-8,M3,INDUSTRY,INDUSTRY,,,,coming soon,2024-11-19,2099-12-31,MA006116593_TCWUS_M1_1,P9454C,1,N,P9454C(1),IFAT_AT_VIH,IFWU_CN,IFWU_CN,ISC018N10NM8,SFET8_DO,87.0,3.99,3.26,1,13.0074,1,1
26,ATV,SC,42,7,CURR_ATV,545,TLE4971-Ax,Multichip,TLx4971,Magnetic Sensing Systems,SENSOR,BICMOS_S7,B7CA_S8,TLE4971-A025T5-U-E0001,SP005737220,PIO,MA005826845,99517583,M4971A,SON,TISON,F0038,PG-TISON-8-6,M9,AUTOMOTIVE,AUTOMOTIVE,2023-04-12,2023-04-12,,active and preferred,2022-04-20,2099-12-31,MA005826845_LGS_M1_4,M4971A,1,N,M4971A(1),IFKM_MY,IFMY_MY,IFAP_SG,TLE4971-A025T5-U-E0001,Current Sensors,75.0,2.9,2.006,1,5.8174,4,1
27,ATV,MOS,31,F,FET2040,F1F,100323_47,Device,TO263,MOS-IR,PT,FET_TRENCH,FET10_7A,AUIRFS3004-7TRL,SP001515878,PIO,MA005956694,99543959,P4528X,TO,TO263,F0033,PG-TO263-7-903,M11,AUTOMOTIVE,AutomotiveLegacy,2023-05-30,2023-06-05,,discontinued,2023-05-25,2099-12-31,MA005956694_WAVCND_M1_1,P4528C,1,N,P4528C(1),IFDD_DE,ATX_CN_WH,ATX_CN_WH,AUIRFS3004-7P,FET_TRENCH_G10.7,195.0,6.96,4.318,1,30.05328,1,1
28,PSS,PCS,12,C,IFX LVIC,X90,IR35411MTR,Multichip,,,PT,LTR_12,SFET625_12,IR35411MTRPBF,SP001665570,PIO,MA001697802,99995575,U6120A,SON,IQFN,F0046,PG-IQFN-39-4,M9,INDUSTRY,INDUSTRY,2017-05-05,2019-07-25,,not for new design,2024-04-16,2099-12-31,MA001697802_LGS_M1_6,P9126M,3,Y,"M6120A(1),P9125A(1),P9126M(1)",IFAT_AT_VIH,IFMY_MY,IFAP_SG,IR35411MPBF,Traveler 5x6,60.0,2.94,2.35,1,6.909,6,1
29,PSS,PS,52,L,LP_LEGACY,474,SPD06N80C,Device,800V,Consumer,PT,HVMOS,EHC3_8,SPD06N80C3,SP001117772,PIO,MA005748553,99516932,L5611A,TO,TO252,F0063,PG-TO252-3-35,M9,INDUSTRY,INDUSTRY,,2022-03-04,,not for new design,2022-03-02,2099-12-31,MA005748553_WAVCND_M1_1,L5611A,1,N,L5611A(1),IFKM_MY,HYME_CN,HYME_CN,SPD06N80C3,C3,220.0,3.71,2.6,1,9.646,1,1
30,ATV,MOS,31,L,FET120P,LA4,100338_47,Device,TO263,MOS-IR,PT,FET_TRENCH,FET10_7A,AUIRFS4127TRL,SP001518830,PIO,MA006079346,99561640,P4487X,TO,TO263,F0024,PG-TO263-3-901,M9,AUTOMOTIVE,AutomotiveLegacy,2016-02-16,2016-02-16,,on request,2023-07-01,2099-12-31,MA006079346_TCTIJ_M1_1,P4487G,1,N,P4487G(1),VIS_TW FAB2,Tijuana Mfg,Tijuana Mfg,AUIRFS4127,FET_TRENCH_G10.7,200.0,6.96,4.318,1,30.05328,1,1
31,ATV,SC,42,5,POS_ATV,3P5,TLE496xx-x,Device,TLx496x,Magnetic Sensing Systems,SENSOR,BICMOS_S7,B7CA_S8,TLE49601-1M-S2,SP005924303,PIO,MA005968027,99545484,E4967C,AILD,SOT23,F0003,PG-SOT23-3-15,M9,AUTOMOTIVE,AUTOMOTIVE,2024-09-10,2024-12-12,ISO26262-compliant,on request,2023-07-12,2099-12-31,MA005968027_TCWUS_M1_1,E4967C,1,N,E4967C(1),IFKM_MY,IFWU_CN,IFWU_CN,TLE49601-1M-S2,Switches,150.0,1.25,0.8,1,1.0,1,1
32,PSS,PS,18,A,Trench LV,AJ8,IPD038N06N,Device,60V,MS,PT,LTR_12,SFET560_12,IPD038N06NF2S,SP005588983,PIO,MA005591616,99525803,P9064N,TO,TO252,F0004,PG-TO252-3-32,M9,STANDARD,STANDARD,2022-06-24,2022-07-21,,active and preferred,2021-05-18,2099-12-31,MA005591616_WAVCND_M1_1,P9064N,1,N,P9064N(1),IFDD_DE,GTBF_CN,GTBF_CN,IPD038N06NF2S,SFET5_F2,205.0,2.52,2.73,1,6.8796,1,1
33,ATV,SP,17,M,DC_MOTCTRL,E86,BTN7933B,Multichip,BTN79xx NovalithIC,MCS_SP,PT,SPT5_8,SPT5_60V_8,BTN7933B,SP000481546,PIO,MA005704076,99503198,U7903A,TO,TO263,F0012,PG-TO263-7-1,M9,AUTOMOTIVE,AUTOMOTIVE,2018-01-26,2018-01-26,,discontinued,2021-10-11,2099-12-31,MA005704076_EPMAL_M1_2,S1072T,3,Y,"L8014K(1),L8157U(1),S1072T(1)",IFAG_DE_RGB,IFMY_MY,IFMY_MY,BTN7933B_GRN,MOTIX Bridge,230.0,1.3,1.74,1,2.262,2,1
34,PSS,PS,52,S,SICMOS,66J,IJCQ75RM40,Multichip,750V,Industrial,PT,SICJFET,SICJ1_75_6,IJCQ75RM40J1,SP006059654,PIO,MA006093936,99563246,L1012W,TO,HDSOP,F0005,PG-HDSOP-22-3,M3,INDUSTRY,INDUSTRY,,,,coming soon,2024-08-29,2099-12-31,MA006093936_EPMAL_M1_1,L1012W,2,Y,L1012W(2),IFAT_AT_VIH,IFMY_MY,IFMY_MY,IJCQ75RM40J1,SiCMOS_JFET,68.0,4.285,5.28,2,22.6248,1,1
35,PSS,PS,51,A,Trench MV,AES,102581_16,Device,100V,Industrial; MS,PT,FET_TRENCH,FET10_7,64-2128PBF-CU-V,SP001693762,PIO,MA005595310,99499023,P4773X,TO,TO263,F0021,PG-TO263-3-901,M9,STANDARD,STANDARD,2022-05-25,2022-05-25,,active,2021-06-11,2099-12-31,MA005595310_WAVCND_M1_1,P4773M,1,N,P4773M(1),VIS_TW FAB2,GTBF_CN,GTBF_CN,IRFS4010PBF,10.7,200.0,4.318,6.96,1,30.05328,1,1
36,PSS,HIR,19,K,DISCRT_19,539,COMM DSC,Device,,,PT,FET_PLANAR,FPLN_5,IRF5N5210SCV,SP005868936,PIO,MA006077905,99561421,Y3217X,IR_HiRel,CCN,F0004,C-CCN-3-959,M9,HIREL,HIREL,,2024-07-04,,active and preferred,2023-07-01,2099-12-31,MA006077905_TCTIJ_M1_1,Y3217D,1,N,Y3217D(1),DCLEO_US,Tijuana Mfg,Tijuana Mfg,539_C-CCN-3-959,,360.0,4.318,5.842,1,25.225756,1,1
37,ATV,SP,17,X,EMB_POWER,X82,TLE9954W40,Device,TLE986x Embedded Power,MCS_SP,PT,SPT9_8,SPT9_65V_8,TLE9954W40,SP005866894,PIO,MA006008588,99549681,M9862A,DS1,TSDSO,F0001,PG-TSDSO-32-1,M3,AUTOMOTIVE,AUTOMOTIVE,,,ISO26262-compliant,on request,2023-10-18,2099-12-31,MA006008588_EPMAL_M1_1,M9862A,1,N,M9862A(1),IFAG_DE_RGB,IFMY_MY,IFMY_MY,TLE9954W40,MOTIX MCU,220.0,1.97,3.58,1,7.0526,1,1
38,PSS,PS,21,Q,XDP TV/PC,V19,IDP2303/-A,Multichip,,Power IC,CMOS,ACMOS11,C11HV4,IDP2303A,SP001618966,PIO,MA005561699,99533052,U8100B,DS1,DSO,F0049,PG-DSO-16-21,M9,INDUSTRY,INDUSTRY,,2021-01-08,,not for new design,2020-12-03,2099-12-31,MA005561699_WAVEI_M1_6,M8640B,3,Y,"L8055R(1),M8640B(1),S3160A(1)",IFDD_DE,ATX_CN_SH,IFBT_ID,IDP2303A,Legacy Digital Controller ICs,185.0,1.884,2.984,1,5.621856,6,1
39,ATV,SC,42,5,POS_ATV,3N6,TLE4964-2M,Device,TLx496x,Magnetic Sensing Systems,SENSOR,BICMOS_S7,B7CA_S8,TLE4964-2M,SP001222084,PIO,MA005945988,99540921,M4962G,AILD,SOT23,F0173,PG-SOT23-3-15,M9,AUTOMOTIVE,AUTOMOTIVE,2023-02-17,2023-04-12,,active and preferred,2023-04-19,2099-12-31,MA005945988_TCWUS_M1_1,M4962G,1,N,M4962G(1),IFAG_DE_RGB,IFWU_CN,IFWU_CN,TLE4964-2M,Switches,150.0,1.25,0.8,1,1.0,1,1
40,PSS,PS,15,A,Trench ULV,U85,BSC026N04L,Device,40V,Power Tools; MS,PT,LTR_12,SFET540_12,BSC026N04LS,SP001067014,PIO,MA005940686,99537659,P9944A,SON,TDSON,F0007,PG-TDSON-8-45,M9,INDUSTRY,INDUSTRY,2019-04-26,2019-04-26,,active and preferred,2023-04-18,2099-12-31,MA005940686_TCWUS_M1_1,P9944A,1,N,P9944A(1),IFDD_DE,IFWU_CN,IFWU_CN,BSC026N04LS,SFET5,60.0,2.5,1.58,1,3.95,1,1
41,PSS,GAN,72,I,Integrated,45G,IGI60F202,Multichip,600V,Consumer,CMOS,ACMOS11,C11HV2,IGI60F2020A1L,SP005571097,PIO,MA005901876,99549083,S5121A,SON,TIQFN,F0003,PG-TIQFN-28-1,M9,STANDARD,STANDARD,,2023-03-29,,discontinued,2022-11-23,2099-12-31,MA005901876_EPMAL_M1_2,M5140B,5,Y,"L8601A(2),M5140B(1),M5142B(2)",IFAG_DE_RGB,HANA_TH,IFMY_MY,IGI60F2020A1L,iGaN_1 DC,300.0,1.662,0.944,1,1.568928,2,1
42,PSS,PS,18,P,Planar LV,F3T,101265_16,Device,100V,Solar; MS,PT,FET_PLANAR,FPLN_5,IRF1310NPBF,SP001553864,PIO,MA005539718,99472199,P4787X,TO,TO220,F0017,PG-TO220-3-904,M9,STANDARD,STANDARD,2016-02-16,2016-02-16,,active,2020-08-25,2099-12-31,MA005539718_WAVCND_M1_1,P4787J,1,N,P4787J(1),Temecula Mfg,GTBF_CN,GTBF_CN,IRF1310NPBF,5,330.0,3.505,4.801,1,16.827505,1,1
43,GIP,GCO,14,C,SIC DISCR,4NY,IMCQ120R08,Device,1200V,Industrial,PT,SICMOS_6,SICM3_120_6,IMCQ120R080S2H,SP006098337,PIO,MA006113654,99566951,L8727X,TO,HDSOP,F0004,PG-HDSOP-22-3,M3,INDUSTRY,INDUSTRY,,,,coming soon,2024-11-13,2099-12-31,MA006113654_EPMAL_M1_6,L8727X,1,N,L8727X(1),IFAT_AT_VIH,IFMY_MY,IFMY_MY,IMCQ120R080S2H,CoolSiC MOSFET G2,128.0,2.698,1.72,1,4.64056,6,1
44,PSS,RFS,32,N,3DI,N11,IRS9100C,Device,TOF Consumer,,CMOS,ACMOS11,C130V,IRS9100C,SP005342838,PIO,MA005735747,99509850,M2465A,AILL,TSNP,F0007,PG-TSNP-10-4,M9,INDUSTRY,INDUSTRY,2022-03-17,2022-04-13,,active and preferred,2022-01-07,2099-12-31,MA005735747_WAVCND_M1_1,M2465A,1,N,M2465A(1),IFAG_DE_RGB,JCET_CN_C3,JCET_CN_C3,IRS9100C,3DI,120.0,1.34,0.94,1,1.2596,1,1
45,ATV,SP,11,2,SPOC,201,BTS71220-4,Device,SPOC+2,IPD_SP,PT,SIPIC_12,SMART7_12,BTS71220-4ESE,SP001471298,PIO,MA005714674,99508722,L8431J,DS1,TSDSO,F0032,PG-TSDSO-24-32,M9,AUTOMOTIVE,AUTOMOTIVE,2020-05-18,2021-04-06,ISO26262-ready,active and preferred,2021-10-12,2099-12-31,MA005714674_EPMAL_M1_2,L8431J,1,N,L8431J(1),IFDD_DE,IFMY_MY,IFMY_MY,BTS71220-4ESE_GRN,SPOC,125.0,4.636,1.862,1,8.632232,2,1
46,ATV,MOS,31,F,FET2040,M45,IPLU300N04,Device,TOLL (HSOF-8),MOS,PT,SIPLTR_8,SFET4_40_8,IPLU300N04S4-1R1,SP001121554,PIO,MA006120895,99567726,L9209O,TO,HSOF,F0006,PG-HSOF-8-1,M3,AUTOMOTIVE,AUTOMOTIVE,,,,active and preferred,2024-12-04,2099-12-31,MA006120895_EPMAL_M1_1,L9209O,1,N,L9209O(1),IFKM_MY,IFMY_MY,IFMY_MY,IPLU300N04S4-1R1,SFET4_40V,110.0,6.716,2.256,1,15.151296,1,1
47,PSS,PCS,12,C,IFX LVIC,U11,PX3517,Device,,,CMOS,ACMOS11,C11HV2P,PX3517,SP000923218,PIO,MA001368460,99997442,M1697A,SON,TDSON,F0003,PG-TDSON-10-6,M9,INDUSTRY,INDUSTRY,2015-05-07,2015-09-07,,discontinued,2022-05-22,2099-12-31,MA001368460_LGS_M1_1,M1697A,1,N,M1697A(1),IFAG_DE_RGB,AMKOR_PH_P3/P4,IFAP_SG,PX3517,Driver,203.0,1.004,0.884,1,0.887536,1,1
48,ATV,MOS,31,L,FET120P,L33,IAUTN12S5N,Device,TOLG (HSOG-8),MOS,PT,LTR_12,SFET5120_12,IAUTN12S5N018G,SP005629905,PIO,MA005711806,99553667,P8050F,TO,HSOG,F0005,PG-HSOG-8-1,M9,AUTOMOTIVE,AUTOMOTIVE,2022-10-05,2023-01-30,,active and preferred,2021-10-12,2099-12-31,MA005711806_EPMAL_M1_1,P8050F,1,N,P8050F(1),IFDD_DE,IFMY_MY,IFMY_MY,IAUTN12S5N018G,SFET5_120V,112.0,6.7,4.5,1,30.15,1,1
49,PSS,PS,39,U,LEDDRIVER,965,ILD6150,Device,,,PT,SPT6_8,SPT6_60V_8,ILD6150,SP000955332,PIO,MA005543031,99470477,T0816A,DS1,DSO,F0002,PG-DSO-8-27,M9,INDUSTRY,INDUSTRY,,2021-01-08,,active,2020-08-25,2099-12-31,MA005543031_WAVEI_M1_1,T0816A,1,N,T0816A(1),IFAG_DE_RGB,IFMY_MY,IFBT_ID,ILD6150,ILD LED driver,220.0,2.3,1.93,1,4.439,1,1
